surface;x;y
64.49803987238556;15.319693550723715;12.001580845523593
