surface;x;y
64.80392187135294;15.26269289085622;9.781422086518376
