surface;x;y
64.63137299288064;15.720283968284633;13.203385710513851
