surface;x;y
64.66666711913422;15.8230442633973;10.794057009010345
