surface;x;y
100.12941212346777;15.821955900352139;11.312889202491544
