surface;x;y
64.61960819829255;15.790326496583901;13.230246391906153
