surface;x;y
99.2470593135804;16.003161055982737;11.35241820717527
